{"count":1,"self":117.1244928,"total":423.45766019999996,"children":{"InitializeActuators":{"count":1,"self":0.0015026999999999998,"total":0.0015026999999999998,"children":null},"InitializeSensors":{"count":1,"self":0.0009987,"total":0.0009987,"children":null},"AgentSendState":{"count":187384,"self":0.6268634,"total":16.426791299999998,"children":{"CollectObservations":{"count":37477,"self":1.2134110999999999,"total":1.2134110999999999,"children":null},"WriteActionMask":{"count":37477,"self":0.0567391,"total":0.0567391,"children":null},"RequestDecision":{"count":37477,"self":0.27736279999999996,"total":14.529777699999999,"children":{"AgentInfo.ToProto":{"count":37477,"self":0.30055919999999997,"total":14.2524149,"children":{"GenerateSensorData":{"count":37477,"self":13.951856,"total":13.9518557,"children":null}}}}}}},"DecideAction":{"count":187384,"self":281.8746112,"total":281.8746111,"children":null},"AgentAct":{"count":187384,"self":7.8120344,"total":7.8120347,"children":null},"AgentInfo.ToProto":{"count":621,"self":0.0059885,"total":0.2162295,"children":{"GenerateSensorData":{"count":621,"self":0.21024099999999998,"total":0.21024099999999998,"children":null}}}},"gauges":{"SpeedrunAI.CumulativeReward":{"count":621,"max":552.4592,"min":-106.717773,"runningAverage":2.68184257,"value":-33.06732,"weightedAverage":-38.8565369}},"metadata":{"timer_format_version":"0.1.0","start_time_seconds":"1682554328","unity_version":"2021.3.8f1","command_line_arguments":"C:\\Program Files\\Unity\\Hub\\Editor\\2021.3.8f1\\Editor\\Unity.exe -projectpath C:\\Users\\jbluk\\OneDrive\\Documents\\IU\\Spring 2023\\Intro to AI\\B351-DK-NeuralNetworkProject\\B351-DK-NeuralNetworkProject\\DonkeyKong -useHub -hubIPC -cloudEnvironment production -licensingIpc LicenseClient-jbluk -hubSessionId 5a5abcba-4cb4-4e45-8097-90a733e86213","communication_protocol_version":"1.5.0","com.unity.ml-agents_version":"2.0.1","scene_name":"Level1DuplicateBarrelMode","end_time_seconds":"1682554752"}}