{"count":1,"self":797.167616,"total":2121.6855145,"children":{"InitializeActuators":{"count":1,"self":0.0029928999999999997,"total":0.0029928999999999997,"children":null},"InitializeSensors":{"count":1,"self":0.0019947999999999997,"total":0.0019947999999999997,"children":null},"AgentSendState":{"count":1001467,"self":3.7718268,"total":8.6041984,"children":{"CollectObservations":{"count":181241,"self":0.49175969999999997,"total":0.49175969999999997,"children":null},"WriteActionMask":{"count":181241,"self":0.2746516,"total":0.2746516,"children":null},"RequestDecision":{"count":181241,"self":1.1936391,"total":4.0659602,"children":{"AgentInfo.ToProto":{"count":155944,"self":1.051129,"total":2.8723210999999997,"children":{"GenerateSensorData":{"count":155944,"self":1.821192,"total":1.8211921,"children":null}}}}}}},"DecideAction":{"count":1001467,"self":1257.3939712,"total":1257.3939286999998,"children":null},"AgentAct":{"count":1001467,"self":58.505785599999996,"total":58.5132768,"children":{"AgentInfo.ToProto":{"count":386,"self":0.005495,"total":0.0074900999999999995,"children":{"GenerateSensorData":{"count":386,"self":0.0019951,"total":0.0019951,"children":null}}}}}},"gauges":{"SpeedrunAI.CumulativeReward":{"count":469,"max":19.95,"min":-488.421478,"runningAverage":-114.509781,"value":19.95,"weightedAverage":-0.7207434}},"metadata":{"timer_format_version":"0.1.0","start_time_seconds":"1682378262","unity_version":"2021.3.8f1","command_line_arguments":"C:\\Program Files\\Unity\\Hub\\Editor\\2021.3.8f1\\Editor\\Unity.exe -projectpath C:\\Users\\jbluk\\OneDrive\\Documents\\IU\\Spring 2023\\Intro to AI\\B351-DK-NeuralNetworkProject\\B351-DK-NeuralNetworkProject\\DonkeyKong -useHub -hubIPC -cloudEnvironment production -licensingIpc LicenseClient-jbluk -hubSessionId 53b052ad-ea36-4ce1-8432-e7efc1f00479","communication_protocol_version":"1.5.0","com.unity.ml-agents_version":"2.0.1","scene_name":"Level1Dupllicate","end_time_seconds":"1682380384"}}